Month;ARPU
2022-01;3.72648641225454
2022-02;3.7461362914605574
2022-03;2.397999954223633
2022-04;3.4848888238271076
2022-05;0.35428571701049805
2022-06;25.48902390642864
2022-07;14.414313522039675
2022-08;23.714999618984404
2022-09;18.65843726694584
2022-10;24.154642403125763
2022-11;36.115999450683596
2022-12;10.095142698287964
